-- MySQL dump 10.11
--
-- Host: localhost    Database: almacen
-- ------------------------------------------------------
-- Server version	5.0.38-Ubuntu_0ubuntu1-log
/*!40103 SET @OLD_TIME_ZONE=@@TIME_ZONE */;
/*!40103 SET TIME_ZONE='+00:00' */;
/*!40014 SET @OLD_UNIQUE_CHECKS=@@UNIQUE_CHECKS, UNIQUE_CHECKS=0 */;
/*!40014 SET @OLD_FOREIGN_KEY_CHECKS=@@FOREIGN_KEY_CHECKS, FOREIGN_KEY_CHECKS=0 */;
/*!40101 SET @OLD_SQL_MODE=@@SQL_MODE, SQL_MODE='NO_AUTO_VALUE_ON_ZERO,ANSI' */;
/*!40111 SET @OLD_SQL_NOTES=@@SQL_NOTES, SQL_NOTES=0 */;

--
-- Table structure for table "ALBARANES"
--

DROP TABLE IF EXISTS "ALBARANES";
CREATE TABLE "ALBARANES" (
  "ALBARAN" int(4) NOT NULL,
  "CLIENTE" int(3) NOT NULL,
  "FECHA_ALBARAN" date default NULL,
  "FECHA_ENVIO" date default NULL,
  "FECHA_PAGO" date default NULL,
  "FORMPAGO" varchar(2) default NULL,
  "ESTADO" varchar(1) default NULL,
  PRIMARY KEY  ("ALBARAN"),
  KEY "CLIENTE" ("CLIENTE"),
  KEY "FORMPAGO" ("FORMPAGO"),
  CONSTRAINT "FOR1_ALB" FOREIGN KEY ("CLIENTE") REFERENCES "CLIENTES" ("CLIENTE"),
  CONSTRAINT "FOR2_ALB" FOREIGN KEY ("FORMPAGO") REFERENCES "FORMPAGOS" ("FORMPAGO")
);

--
-- Dumping data for table "ALBARANES"
--

LOCK TABLES "ALBARANES" WRITE;
/*!40000 ALTER TABLE "ALBARANES" DISABLE KEYS */;
INSERT INTO "ALBARANES" VALUES (1,14,'1988-11-11','1988-11-18','1988-11-25','C','N'),(2,28,'1988-08-16','1988-08-23','1988-09-01','C','S'),(3,13,'1988-04-23','1988-05-01','1988-05-08','C','N'),(4,68,'1988-02-27','1988-03-01','1988-03-08','C','S'),(5,26,'1988-01-13','1988-01-20','1988-01-27','C','N'),(6,84,'1988-10-16','1988-10-23','1988-11-01','C','S'),(7,67,'1988-07-22','1988-08-01','1988-08-08','C','N'),(8,12,'1988-12-23','1989-01-01','1989-01-08','C','S'),(9,32,'1988-07-28','1988-08-01','1988-08-08','C','N'),(10,37,'1988-11-14','1988-11-21','1988-11-28','C','S'),(11,95,'1988-06-05','1988-06-12','1988-06-19','C','N'),(12,68,'1988-12-11','1988-12-18','1988-12-25','C','S'),(13,62,'1988-02-15','1988-02-22','1988-03-01','C','N'),(14,89,'1988-09-21','1988-09-28','1988-10-01','C','S'),(15,68,'1988-04-26','1988-05-01','1988-05-08','C','N'),(16,4,'1988-10-19','1988-10-26','1988-11-01','C','S'),(17,54,'1988-07-27','1988-08-01','1988-08-08','C','N'),(18,4,'1988-05-25','1988-06-01','1988-06-08','C','S'),(19,23,'1988-11-11','1988-11-18','1988-11-25','C','N'),(20,46,'1988-06-24','1988-07-01','1988-07-08','C','S'),(21,52,'1988-08-04','1988-08-11','1988-08-18','C','N'),(22,60,'1988-11-03','1988-11-10','1988-11-17','C','S'),(23,30,'1988-06-09','1988-06-16','1988-06-23','C','N'),(24,91,'1988-11-07','1988-11-14','1988-11-21','C','S'),(25,15,'1988-01-07','1988-01-14','1988-01-21','C','N'),(26,26,'1988-05-27','1988-06-01','1988-06-08','C','S'),(27,44,'1988-07-18','1988-07-25','1988-08-01','C','N'),(28,37,'1988-02-15','1988-02-22','1988-03-01','C','S'),(29,72,'1988-08-17','1988-08-24','1988-09-01','C','N'),(30,62,'1988-01-26','1988-02-01','1988-02-08','C','S'),(31,30,'1988-06-13','1988-06-20','1988-06-27','C','N'),(32,94,'1988-08-01','1988-08-08','1988-08-15','C','S'),(33,89,'1988-04-07','1988-04-14','1988-04-21','C','N'),(34,72,'1988-07-06','1988-07-13','1988-07-20','C','S'),(35,83,'1988-10-11','1988-10-18','1988-10-25','C','N'),(36,54,'1988-03-12','1988-03-19','1988-03-26','C','S'),(37,52,'1988-11-15','1988-11-22','1988-12-01','C','N'),(38,35,'1988-06-13','1988-06-20','1988-06-27','C','S'),(39,49,'1988-11-18','1988-11-25','1988-12-01','C','N'),(40,50,'1988-05-15','1988-05-22','1988-06-01','C','S'),(41,67,'1988-03-21','1988-03-28','1988-04-01','C','N'),(42,11,'1988-06-18','1988-06-25','1988-07-01','C','S'),(43,27,'1988-12-28','1989-01-01','1989-01-08','C','N'),(44,83,'1988-02-10','1988-02-17','1988-02-24','C','S'),(45,53,'1988-09-15','1988-09-22','1988-10-01','C','N'),(46,81,'1988-09-26','1988-10-01','1988-10-08','C','S'),(47,86,'1988-09-16','1988-09-23','1988-10-01','C','N'),(48,66,'1988-06-16','1988-06-23','1988-07-01','C','S'),(49,77,'1988-08-23','1988-09-01','1988-09-08','C','N'),(50,98,'1988-08-22','1988-09-01','1988-09-08','C','S');
/*!40000 ALTER TABLE "ALBARANES" ENABLE KEYS */;
UNLOCK TABLES;

--
-- Table structure for table "ARTICULOS"
--

DROP TABLE IF EXISTS "ARTICULOS";
CREATE TABLE "ARTICULOS" (
  "ARTICULO" int(3) NOT NULL,
  "PROVEEDOR" int(3) NOT NULL,
  "DESCRIPCION" varchar(15) default NULL,
  "PR_VENT" decimal(9,2) default NULL,
  "PR_COST" decimal(9,2) default NULL,
  "EXISTENCIAS" int(5) default NULL,
  "SOBRE_MAXIMO" int(5) default NULL,
  "BAJO_MINIMO" int(5) default NULL,
  "FEC_ULT_ENT" date default NULL,
  "FEC_ULT_SAL" date default NULL,
  "UNIDAD" varchar(2) default NULL,
  PRIMARY KEY  ("ARTICULO","PROVEEDOR"),
  KEY "PROVEEDOR" ("PROVEEDOR"),
  KEY "UNIDAD" ("UNIDAD"),
  CONSTRAINT "FOR1_ART" FOREIGN KEY ("PROVEEDOR") REFERENCES "PROVEEDORES" ("PROVEEDOR"),
  CONSTRAINT "FOR2_ART" FOREIGN KEY ("UNIDAD") REFERENCES "UNIDADES" ("UNIDAD")
);

--
-- Dumping data for table "ARTICULOS"
--

LOCK TABLES "ARTICULOS" WRITE;
/*!40000 ALTER TABLE "ARTICULOS" DISABLE KEYS */;
INSERT INTO "ARTICULOS" VALUES (1,14,'3D Graphics','80538.00','40269.00',75,107,58,'1988-07-28','1988-08-16','Un'),(2,87,'8087 Test','52273.00','26136.00',38,48,25,'1988-01-13','1988-12-06','Un'),(3,90,'ANSI Draw','66695.00','33347.00',48,120,65,'1988-03-03','1988-10-16','Un'),(4,12,'ADA','44946.00','22473.00',45,58,31,'1988-06-08','1988-07-28','Un'),(5,25,'Alley Cat','89674.00','44837.00',36,46,25,'1988-12-11','1988-03-02','Un'),(6,54,'Alter Ego','87226.00','43613.00',29,37,20,'1988-09-21','1988-01-10','Un'),(7,68,'Artic Fox','66275.00','33137.00',43,55,30,'1988-03-20','1988-10-19','Un'),(8,21,'Assembler Tutor','44513.00','22256.00',28,36,19,'1988-11-11','1988-12-01','Un'),(9,58,'Astro Talk','34276.00','17138.00',77,100,53,'1988-08-24','1988-08-14','Un'),(10,60,'Auto Word','41692.00','20846.00',95,123,66,'1988-11-06','1988-06-09','Un'),(11,39,'Auto Code','55836.00','27918.00',65,84,45,'1988-05-27','1988-11-01','Un'),(12,35,'Basic Compiler','38486.00','19243.00',56,72,39,'1988-01-06','1988-07-04','Un'),(13,72,'Basic Primer','59300.00','29650.00',29,37,20,'1988-09-14','1988-01-26','Un'),(14,45,'Balance','42027.00','21013.00',79,102,55,'1988-04-07','1988-02-08','Un'),(15,3,'Banner','15229.00','7614.00',71,92,49,'1988-07-10','1988-07-16','Un'),(16,54,'Baseball','50460.00','25230.00',36,46,25,'1988-01-28','1988-11-15','Un'),(17,94,'Better Basic','49435.00','24717.00',59,76,41,'1988-05-15','1988-05-27','Un'),(18,63,'Boeing Calc','66168.00','33084.00',81,105,56,'1988-07-10','1988-10-23','Un'),(19,27,'Bridge Master','34181.00','17090.00',99,128,69,'1988-11-07','1988-02-10','Un'),(20,66,'Btrieve','45015.00','22507.00',52,67,36,'1988-09-16','1988-05-17','Un'),(21,26,'C Compiler','43167.00','21583.00',50,65,35,'1988-01-12','1988-11-18','Un'),(22,98,'C Helper','44102.00','22051.00',68,88,47,'1988-02-16','1988-12-04','Un'),(23,74,'C++','84221.00','42110.00',56,72,39,'1988-12-26','1988-06-14','Un'),(24,99,'C Tool','57816.00','28908.00',88,114,61,'1988-11-23','1988-08-19','Un'),(25,79,'C Toolbox','85636.00','42818.00',38,49,26,'1988-08-16','1988-02-19','Un'),(26,89,'C Tools Plus','66069.00','33034.00',27,35,18,'1988-09-07','1988-12-24','Un'),(27,64,'C Windows','85610.00','42805.00',85,110,59,'1988-12-05','1988-02-28','Un'),(28,86,'C-86 Compiler','55750.00','27875.00',88,114,61,'1988-04-18','1988-02-01','Un'),(29,46,'C-Basic','34391.00','17195.00',76,98,53,'1988-11-27','1988-04-25','Un'),(30,1,'Cobol','18729.00','17026.00',74,96,51,'1988-02-18','1988-01-12','Un'),(31,32,'CPA-Plus','79651.00','39825.00',74,96,51,'1988-11-01','1988-05-03','Un'),(32,77,'Calc-Star','42057.00','21028.00',47,61,32,'1988-05-11','1988-10-15','Un'),(33,89,'Clipper','84303.00','42151.00',76,98,53,'1988-09-26','1988-12-16','Un'),(34,75,'CopyII-PC','33328.00','16664.00',36,46,25,'1988-07-10','1988-09-17','Un'),(35,96,'Creator','33581.00','16790.00',63,83,44,'1988-01-17','1988-01-04','Un'),(36,93,'Cross Z-80','45118.00','22559.00',79,102,55,'1988-09-08','1988-07-11','Un'),(37,82,'Cross 68000','31600.00','15800.00',89,115,62,'1988-12-15','1988-11-19','Un'),(38,88,'Cross NSC-800','41054.00','20527.00',86,111,60,'1988-06-27','1988-11-26','Un'),(39,82,'Cross 6809','71145.00','35572.00',38,49,26,'1988-07-07','1988-04-10','Un'),(40,8,'Cross 80186','47501.00','23750.00',72,93,50,'1988-03-02','1988-05-01','Un'),(41,30,'Cross 8086','30396.00','15198.00',25,32,17,'1988-06-23','1988-05-08','Un'),(42,43,'Cross 80386','35334.00','17667.00',94,122,65,'1988-06-14','1988-01-15','Un'),(43,12,'Disk Manager','32038.00','16019.00',32,41,22,'1988-03-02','1988-07-08','Un'),(44,35,'Disk Repair','32646.00','16323.00',39,50,27,'1988-02-09','1988-09-17','Un'),(45,46,'Display Manager','36715.00','18357.00',57,74,39,'1988-05-28','1988-12-25','Un'),(46,58,'EGA Driver','32428.00','16214.00',29,37,20,'1988-07-13','1988-08-19','Un'),(47,10,'EGA Paint','60466.00','30233.00',34,44,23,'1988-04-01','1988-05-26','Un'),(48,77,'Easy DOS','56607.00','28303.00',44,57,30,'1988-05-12','1988-10-26','Un'),(49,30,'Easy Calc','56127.00','28063.00',40,52,28,'1988-05-25','1988-06-25','Un'),(50,30,'Easy LAN','58048.00','29024.00',0,80,43,'1988-02-12','1988-04-19','Un'),(51,23,'Easy Planner','68071.00','34035.00',59,76,41,'1988-05-21','1988-04-11','Un'),(52,27,'Easy Text','59750.00','29875.00',35,45,24,'1988-07-07','1988-02-17','Un'),(53,27,'Electric Desk','79454.00','39727.00',90,117,62,'1988-07-08','1988-06-22','Un'),(54,32,'Expert Teach','33757.00','16878.00',72,93,50,'1988-02-01','1988-03-07','Un'),(55,25,'Fortran 77','53619.00','26809.00',78,101,54,'1988-09-17','1988-02-28','Un'),(56,3,'Faster C','22602.00','11301.00',60,78,42,'1988-07-27','1988-07-19','Un'),(57,85,'File Mover','41362.00','20681.00',76,98,53,'1988-10-15','1988-10-10','Un'),(58,64,'Form Tools','70395.00','35197.00',53,68,37,'1988-02-16','1988-09-04','Un'),(59,76,'GEM Desktop','81250.00','40625.00',80,104,56,'1988-11-18','1988-02-09','Un'),(60,46,'GEM Draw','45679.00','22839.00',38,49,26,'1988-02-20','1988-05-19','Un'),(61,9,'GEM Paint','53868.00','26934.00',26,33,18,'1988-02-06','1988-06-19','Un'),(62,78,'GEM Write','51660.00','25830.00',30,39,21,'1988-12-12','1988-10-22','Un'),(63,68,'Graph Plus','55608.00','27804.00',67,87,46,'1988-06-22','1988-07-04','Un'),(64,50,'Graph Talk','67042.00','33521.00',27,35,18,'1988-06-09','1988-12-02','Un'),(65,69,'H-BASIC','42721.00','21360.00',30,39,21,'1988-07-01','1988-04-15','Un'),(66,47,'Hypertyper','51013.00','25506.00',74,96,51,'1988-03-22','1988-02-19','Un'),(67,48,'Image print','80238.00','40119.00',47,61,32,'1988-11-21','1988-04-25','Un'),(68,57,'Instructor','74378.00','37189.00',71,92,49,'1988-09-28','1988-02-06','Un'),(69,57,'Instant C','73302.00','36651.00',32,41,22,'1988-10-05','1988-11-13','Un'),(70,83,'Keyworks','36098.00','18049.00',54,70,37,'1988-07-09','1988-02-19','Un'),(71,66,'Logo','86733.00','43366.00',37,48,25,'1988-07-09','1988-01-28','Un'),(72,66,'Load-Calc','70116.00','35058.00',44,57,30,'1988-04-25','1988-06-14','Un'),(73,45,'M/S Express','76226.00','38113.00',86,111,60,'1988-06-13','1988-01-20','Un'),(74,72,'M/S Calc','66382.00','33191.00',38,49,26,'1988-12-27','1988-11-22','Un'),(75,89,'M/S Chart','84307.00','42153.00',92,119,64,'1988-12-03','1988-12-05','Un'),(76,98,'M/S Fortran','39330.00','19665.00',61,79,42,'1988-05-28','1988-08-23','Un'),(77,80,'M/S DOS 4.00','80564.00','40282.00',87,113,60,'1988-04-13','1988-05-05','Un'),(78,38,'M/S Multiplan','79518.00','39759.00',89,115,62,'1988-11-13','1988-07-15','Un'),(79,69,'M/S Windows','59484.00','29742.00',90,117,62,'1988-04-18','1988-07-25','Un'),(80,5,'M/S Word','59767.00','29883.00',79,102,55,'1988-05-10','1988-12-14','Un'),(81,91,'M/S Flight','85040.00','42520.00',40,52,28,'1988-02-06','1988-08-14','Un'),(82,68,'M/S Project','31536.00','15768.00',72,93,50,'1988-08-16','1988-06-21','Un'),(83,72,'M/S Olympic','68470.00','34235.00',65,84,45,'1988-02-06','1988-07-22','Un'),(84,67,'M/S Quick Basic','47596.00','23798.00',95,123,66,'1988-11-28','1988-02-28','Un'),(85,17,'Forth','63360.00','31680.00',26,33,18,'1988-06-05','1988-03-15','Un'),(86,66,'Map Edit','34100.00','17050.00',51,66,35,'1988-10-17','1988-01-14','Un'),(87,89,'Master Key','70386.00','35193.00',42,54,29,'1988-11-01','1988-08-04','Un'),(88,73,'Master Type','65169.00','32584.00',42,54,29,'1988-01-18','1988-01-18','Un'),(89,83,'Math CAD','47527.00','23763.00',71,92,49,'1988-06-06','1988-07-01','Un'),(90,4,'Maxam','38288.00','19144.00',84,109,58,'1988-04-22','1988-10-28','Un'),(91,68,'Memtest','82228.00','41114.00',33,42,23,'1988-03-24','1988-12-26','Un'),(92,38,'Modula II','89919.00','44959.00',36,46,25,'1988-02-26','1988-06-02','Un'),(93,20,'Hallow','76646.00','38323.00',78,101,54,'1988-11-27','1988-09-03','Un'),(94,46,'New Key','84753.00','42376.00',93,120,65,'1988-07-12','1988-11-27','Un'),(95,44,'New Views','45452.00','22726.00',69,89,48,'1988-05-13','1988-03-10','Un'),(96,23,'New Master','51994.00','25997.00',85,110,59,'1988-02-24','1988-12-23','Un'),(97,25,'Nice Print','62121.00','31060.00',32,41,22,'1988-08-19','1988-01-20','Un'),(98,10,'PC Edit','46580.00','23290.00',36,46,25,'1988-01-04','1988-09-12','Un'),(99,72,'PC Arcade','50065.00','25032.00',52,67,36,'1988-02-17','1988-12-15','Un'),(100,62,'PC Crayon','31913.00','15956.00',63,81,44,'1988-02-17','1988-05-12','Un'),(101,73,'PC Draw','89953.00','44976.00',44,57,30,'1988-12-12','1988-02-14','Un'),(102,42,'PC Design','36561.00','18280.00',33,42,23,'1988-11-05','1988-12-03','Un'),(103,69,'PC Dial','55921.00','27960.00',56,72,39,'1988-01-08','1988-07-05','Un'),(104,84,'PC Forth','33928.00','16964.00',73,94,51,'1988-08-23','1988-09-26','Un'),(105,55,'PC Mouse','75745.00','37872.00',78,101,54,'1988-07-17','1988-10-05','Un'),(106,10,'PC MailBox','89820.00','44910.00',96,124,67,'1988-07-04','1988-03-26','Un'),(107,61,'PC Paint','67351.00','33675.00',84,109,58,'1988-11-28','1988-01-11','Un'),(108,21,'PC Logo','84594.00','42297.00',49,63,34,'1988-08-03','1988-05-02','Un'),(109,53,'PC Man','88590.00','44295.00',53,68,37,'1988-06-26','1988-06-15','Un'),(110,80,'PC Pal','70099.00','35049.00',27,35,18,'1988-04-06','1988-05-10','Un'),(111,40,'PC Palette','32393.00','16196.00',62,80,43,'1988-11-12','1988-05-24','Un'),(112,54,'PC Plot','60655.00','30327.00',92,119,64,'1988-08-21','1988-08-13','Un'),(113,96,'PC Tools','42473.00','21236.00',54,70,37,'1988-02-25','1988-09-10','Un'),(114,30,'PC Tutor','46400.00','23200.00',48,62,33,'1988-01-22','1988-02-06','Un'),(115,14,'PC Watch','67771.00','33885.00',99,128,69,'1988-04-18','1988-06-18','Un'),(116,100,'PC Write','82622.00','41311.00',80,104,56,'1988-12-20','1988-01-27','Un'),(117,62,'PC Focus','38121.00','19060.00',37,48,25,'1988-05-16','1988-09-27','Un'),(118,72,'PC IX','32389.00','16194.00',86,111,60,'1988-08-28','1988-01-13','Un'),(119,87,'PC MPX','50897.00','25448.00',98,127,68,'1988-06-08','1988-12-15','Un'),(120,11,'PC Pilot','64676.00','32338.00',52,67,36,'1988-08-17','1988-09-06','Un'),(121,51,'PFS Access','59021.00','29510.00',67,87,46,'1988-03-06','1988-11-21','Un'),(122,38,'Pert Master','32381.00','16190.00',60,78,42,'1988-06-04','1988-09-09','Un'),(123,58,'PFS Graph','44779.00','22389.00',91,118,63,'1988-06-07','1988-05-05','Un'),(124,62,'PFS Proof','66922.00','33461.00',80,104,56,'1988-05-13','1988-01-27','Un'),(125,50,'PFS Plan','54254.00','27127.00',49,63,34,'1988-06-01','1988-02-26','Un'),(126,13,'PFS Graph','79497.00','39748.00',78,101,54,'1988-08-24','1988-09-05','Un'),(127,1,'PFS Report','10920.00','9927.00',64,83,44,'1988-07-09','1988-12-01','Un'),(128,78,'PL1','76354.00','38177.00',35,45,24,'1988-07-06','1988-11-14','Un'),(129,94,'P-Mate','50532.00','25266.00',57,74,39,'1988-01-03','1988-05-01','Un'),(130,89,'Percent Calc','45023.00','22511.00',53,68,37,'1988-01-13','1988-12-04','Un'),(131,94,'Perfect Filer','49486.00','24743.00',80,104,56,'1988-12-27','1988-01-11','Un'),(132,49,'Perfect Link','35099.00','17549.00',76,98,53,'1988-04-22','1988-11-26','Un'),(133,68,'Personnal Basic','47686.00','23843.00',70,91,49,'1988-03-25','1988-09-03','Un'),(134,41,'Pop Edit','36136.00','18068.00',27,35,18,'1988-07-21','1988-11-27','Un'),(135,14,'Pop Ups','37122.00','18561.00',81,105,56,'1988-12-22','1988-06-07','Un'),(136,75,'Power Tools','56316.00','28158.00',62,80,43,'1988-10-02','1988-03-27','Un'),(137,3,'Power Base','14592.00','7296.00',45,58,31,'1988-02-28','1988-02-11','Un'),(138,9,'Power Stock','30769.00','15384.00',76,98,53,'1988-11-05','1988-07-15','Un'),(139,8,'Print Queue','38923.00','19461.00',73,94,51,'1988-08-03','1988-04-03','Un'),(140,40,'Print Works','57636.00','28818.00',65,84,45,'1988-10-08','1988-11-02','Un'),(141,30,'Quick Editor','66104.00','33052.00',36,46,25,'1988-10-26','1988-02-20','Un'),(142,9,'Quick Silver','73713.00','36856.00',90,117,62,'1988-10-04','1988-11-13','Un'),(143,47,'Quick Pro','50387.00','25193.00',40,52,28,'1988-10-13','1988-10-12','Un'),(144,100,'Rapid File','75698.00','37849.00',37,48,25,'1988-12-27','1988-03-27','Un'),(145,63,'Resident','34859.00','17429.00',91,118,63,'1988-06-03','1988-02-10','Un'),(146,47,'T-Maker','44368.00','22184.00',33,42,23,'1988-08-14','1988-11-06','Un'),(147,85,'Set FX','66378.00','33189.00',66,85,46,'1988-01-13','1988-02-20','Un'),(148,55,'Side View','47111.00','23555.00',96,124,67,'1988-01-03','1988-08-09','Un'),(149,4,'Side Ways','72822.00','36411.00',42,54,29,'1988-05-16','1988-08-15','Un'),(150,91,'Silent Service','45354.00','22677.00',41,53,28,'1988-11-06','1988-10-28','Un'),(151,12,'Small C','32145.00','16072.00',30,39,21,'1988-11-07','1988-06-24','Un'),(152,75,'Smart Notes','30769.00','15384.00',42,54,29,'1988-10-13','1988-04-10','Un'),(153,33,'Smart Key','34190.00','17095.00',33,42,23,'1988-06-21','1988-01-10','Un'),(154,5,'Smart Works','85456.00','42728.00',42,54,29,'1988-01-10','1988-07-19','Un'),(155,56,'Snipes','51519.00','25759.00',31,40,21,'1988-11-15','1988-08-13','Un'),(156,90,'Soft Term','56706.00','28353.00',79,102,55,'1988-03-09','1988-08-25','Un'),(157,52,'Source Print','67475.00','33737.00',46,59,32,'1988-09-02','1988-10-06','Un'),(158,22,'Spell Binder','40998.00','20499.00',30,39,21,'1988-03-13','1988-06-21','Un'),(159,21,'Spell Star','87797.00','43898.00',42,54,29,'1988-04-24','1988-12-15','Un'),(160,49,'Stat Plan','33547.00','16773.00',57,74,39,'1988-11-25','1988-12-24','Un'),(161,40,'Super Draw','56089.00','28044.00',62,80,43,'1988-06-19','1988-02-01','Un'),(162,94,'Super Writer','41465.00','20732.00',80,104,56,'1988-05-07','1988-08-10','Un'),(163,53,'Super Key','44432.00','22216.00',43,55,30,'1988-07-21','1988-11-25','Un'),(164,34,'Super Zap','64470.00','32235.00',38,49,26,'1988-11-01','1988-12-10','Un'),(165,92,'T-Debug','41881.00','20940.00',82,106,57,'1988-02-03','1988-05-08','Un'),(166,17,'T-Maker','52895.00','26447.00',48,62,33,'1988-10-12','1988-09-02','Un'),(167,28,'T3','57439.00','28719.00',25,32,17,'1988-12-25','1988-04-12','Un'),(168,46,'T2','41838.00','20919.00',91,118,63,'1988-06-11','1988-02-16','Un'),(169,34,'TransTOOL','55737.00','27868.00',42,54,29,'1988-07-21','1988-04-21','Un'),(170,70,'Think Tank','34730.00','17365.00',60,78,42,'1988-03-22','1988-10-04','Un'),(171,99,'Top View','63090.00','31545.00',81,105,56,'1988-03-22','1988-02-27','Un'),(172,34,'Trace 86','65842.00','32921.00',86,111,60,'1988-10-25','1988-06-08','Un'),(173,51,'True Basic','65949.00','32974.00',72,93,50,'1988-09-21','1988-09-22','Un'),(174,20,'Turbo Basic','47660.00','23830.00',32,41,22,'1988-02-07','1988-01-15','Un'),(175,27,'Turbo C','60080.00','30040.00',38,49,26,'1988-11-11','1988-07-20','Un'),(176,7,'Turbo Database','33675.00','16837.00',35,45,24,'1988-11-02','1988-01-22','Un'),(177,70,'Turbo Editor','68646.00','34323.00',75,97,52,'1988-05-26','1988-12-24','Un'),(178,8,'Turbo Pascal','40732.00','20366.00',33,42,23,'1988-05-09','1988-09-21','Un'),(179,2,'Turbo Prolog','39564.00','19782.00',75,97,52,'1988-07-15','1988-07-03','Un'),(180,68,'Turbo Tutor','63248.00','31624.00',41,53,28,'1988-12-05','1988-10-10','Un'),(181,36,'Turbo CAD','65679.00','32839.00',90,117,62,'1988-02-26','1988-12-03','Un'),(182,62,'VP Planner','54108.00','27054.00',71,92,49,'1988-04-04','1988-01-18','Un'),(183,27,'VisiCalc','58138.00','29069.00',25,32,17,'1988-05-27','1988-09-07','Un'),(184,54,'Visual','55947.00','27973.00',58,75,40,'1988-10-11','1988-09-11','Un'),(185,75,'Winter Games','61310.00','30655.00',34,44,23,'1988-07-06','1988-09-28','Un'),(186,2,'Word Plus','35425.00','17712.00',55,71,38,'1988-04-09','1988-08-18','Un'),(187,57,'Word Proof','44560.00','22280.00',45,58,31,'1988-07-20','1988-03-03','Un'),(188,10,'Word perfect','35665.00','17832.00',60,78,42,'1988-12-13','1988-10-08','Un'),(189,57,'Write Now','86283.00','43141.00',46,59,32,'1988-06-14','1988-02-24','Un'),(190,86,'X-Lisp','58794.00','29397.00',60,78,42,'1988-11-24','1988-07-14','Un'),(191,22,'X-Tree','33564.00','16782.00',39,50,27,'1988-12-28','1988-08-15','Un'),(192,70,'X-Trieve','84363.00','42181.00',61,79,42,'1988-08-18','1988-11-23','Un'),(193,22,'Z-Basic','65267.00','32633.00',26,33,18,'1988-02-15','1988-07-11','Un'),(194,20,'ZP-EM','71372.00','35686.00',86,111,60,'1988-06-16','1988-09-27','Un');
/*!40000 ALTER TABLE "ARTICULOS" ENABLE KEYS */;
UNLOCK TABLES;

--
-- Table structure for table "CLIENTES"
--

DROP TABLE IF EXISTS "CLIENTES";
CREATE TABLE "CLIENTES" (
  "CLIENTE" int(3) NOT NULL,
  "EMPRESA" varchar(25) default NULL,
  "APELLIDOS" varchar(25) default NULL,
  "NOMBRE" varchar(15) default NULL,
  "DIRECCION1" varchar(25) default NULL,
  "DIRECCION2" varchar(25) default NULL,
  "POBLACION" varchar(15) default NULL,
  "PROVINCIA" int(2) default NULL,
  "DISTRITO" int(5) default NULL,
  "TELEFONO" varchar(13) default NULL,
  "FORMPAGO" varchar(2) default NULL,
  "TOTAL_FACTURA" decimal(11,2) default NULL,
  PRIMARY KEY  ("CLIENTE"),
  KEY "PROVINCIA" ("PROVINCIA"),
  KEY "FORMPAGO" ("FORMPAGO"),
  CONSTRAINT "FOR1_CLI" FOREIGN KEY ("PROVINCIA") REFERENCES "PROVINCIAS" ("PROVINCIA"),
  CONSTRAINT "FOR2_CLI" FOREIGN KEY ("FORMPAGO") REFERENCES "FORMPAGOS" ("FORMPAGO")
);

--
-- Dumping data for table "CLIENTES"
--

LOCK TABLES "CLIENTES" WRITE;
/*!40000 ALTER TABLE "CLIENTES" DISABLE KEYS */;
INSERT INTO "CLIENTES" VALUES (1,'MOTOROLA','BUENDIA CANTERO','Antonio','Duque de Medinacelli, 13','','Barcelona',8,0,'(   )-2028228','C','0.00'),(2,'RTC S.A.','LUNA REQUENA','Maria Jesus','Profesor Waksman, 49','','Barcelona',8,0,'(   )-4031048','C','0.00'),(3,'GUYON','ROJAS MORCILLO','Jose','Palencia, 37','','Barcelona',8,0,'(   )-7011254','C','0.00'),(4,'P.P.B.','BORRAS FAURA','Maria Jesus','Narvaez, 31','','Madrid',28,0,'(   )-2017402','C','7834305.00'),(5,'ARCO','MOLERO HERAS','Pedro','Profesor Waksman, 51','','Madrid',28,0,'(   )-4021796','C','0.00'),(6,'FCP S.A.','PALOMO VADILLO','Jesus Manuel','Orfila, 85','','Madrid',28,0,'(   )-7005208','C','0.00'),(7,'MATE','SALGADO CANTERO','Jesus Manuel','Juan Belmonte, 53','','Barcelona',8,0,'(   )-2006524','C','0.00'),(8,'DRAPOSA','GARCIA SASTRE','Angel','Gran Via, 57','','Madrid',28,0,'(   )-4014220','C','0.00'),(9,'ALCOLEA','CRISTOBAL OLIVA','Reyes','Narvaez, 48','','Barcelona',8,0,'(   )-7009908','C','0.00'),(10,'DEL OLMO','GUERRA ESTEVEZ','Maria Jesus','Profesor Waksman, 14','','Madrid',28,0,'(   )-2013692','C','0.00'),(11,'CIFERSA','VAZQUEZ AMATO','Reyes','Goya, 33','','Madrid',28,0,'(   )-4008714','C','2942949.00'),(12,'ATC','AMATO AMATO','Luis','Goyeneche, 60','','Guadalajara',19,0,'(   )-7016752','C','2069117.00'),(13,'BARNICES DEVA','PELAEZ ESTEVEZ','Federico','Doctor Huya, 88','','Barcelona',8,0,'(   )-2007004','C','1174628.00'),(14,'ZENITH','MOLERO CANTERO','Jesus Manuel','Palacios, 86','','Madrid',28,0,'(   )-4016324','C','5518655.00'),(15,'INTEL','CASTEL GONZALEZ','Andres','Castellana, 93','','Barcelona',8,0,'(   )-7000806','C','1339824.00'),(16,'LEM','REQUENA CEBRIAN','Federico','Fuencarral, 66','','Granada',18,0,'(   )-2001512','C','0.00'),(17,'SPOT IBERICA','TORRECILLAS CEBRIAN','Javier','Princesa, 85','','Barcelona',8,0,'(   )-4013724','C','0.00'),(18,'RTC S.A.','ROJAS OLIVA','Reyes','Elche, 39','','Barcelona',8,0,'(   )-7004592','C','0.00'),(19,'REXPACS','TEJERO GUIJARRO','Luis','Bravo Murillo, 76','','Soria',42,0,'(   )-2032140','C','0.00'),(20,'TALLERES MARFAN','AMATO REQUENA','Maria Jesus','Narvaez, 65','','Barcelona',8,0,'(   )-4031230','C','0.00'),(21,'FESAN','MORCILLO CASTEL','Jose Manuel','Fuencarral, 13','','Barcelona',8,0,'(   )-7032082','C','0.00'),(22,'TALLERES MARFAN','CANTERO LORANCA','Ana','Castro de Oro, 78','','Barcelona',8,0,'(   )-2011248','C','0.00'),(23,'DETECSA','SIEIRO VAZQUEZ','Maria Luisa','Serrano, 91','','Madrid',28,0,'(   )-4028016','C','2474654.00'),(24,'FIMSA','CANTERO ANTON','Angel','Princesa, 41','','Barcelona',8,0,'(   )-7011906','C','0.00'),(25,'CIFERSA','REQUENA AROCA','Felipe','Roderos, 13','','Madrid',28,0,'(   )-2031296','C','0.00'),(26,'POLIGAS','COLORADO SOLCHAGA','Julian','Castro Serna , 70','','Barcelona',8,0,'(   )-4004886','C','2912395.00'),(27,'DSE','MONTERO REQUENA','Antonio','Ppe. de Vergara  , 42','','Madrid',28,0,'(   )-7026178','C','2520847.00'),(28,'GYM','MORCILLO CRISTOBAL','Jose Luis','Princesa, 47','','Soria',42,0,'(   )-2002332','C','2688528.00'),(29,'DSE','FERNANDEZ ORGUILAR','Oscar','Avila, 88','','Barcelona',8,0,'(   )-4015688','C','0.00'),(30,'PEREIRA','HERAS ROJAS','Jesus Manuel','Goya, 48','','Granada',18,0,'(   )-7011426','C','4951218.00'),(31,'AOL','PULIDO REVENGA','Alfonso','Pajaritos, 64','','Madrid',28,0,'(   )-2006950','C','0.00'),(32,'DSE','REQUENA CRISTOBAL','Eloy','Don Quijote, 95','','Madrid',28,0,'(   )-4008500','C','313722.00'),(33,'ELEUSIS','GONZALEZ LOPEZ','Angel','Serrano, 71','','Barcelona',8,0,'(   )-7001372','C','0.00'),(34,'ALBISA','GUERRA PRIETO','Jose Luis','Profesor Waksman, 8','','Madrid',28,0,'(   )-2004460','C','0.00'),(35,'ATC','HERAS AROCA','Eloy','Elfo, 22','','Madrid',28,0,'(   )-4013396','C','4355603.00'),(36,'CARO','PALOMO LOPEZ','Antonio','Serrano, 29','','Barcelona',8,0,'(   )-7004682','C','0.00'),(37,'GRIFFIN S. A.','LOPEZ PANIAGUA','Javier','Bravo Murillo, 94','','Madrid',28,0,'(   )-2018346','C','6076421.00'),(38,'E.M.M.','MONTERO AROCA','Reyes','Profesor Waksman, 74','','Barcelona',8,0,'(   )-4015962','C','0.00'),(39,'RTP','ROJAS SINDE','Jaime','Alberto Aguilera, 80','','Atienza',19,0,'(   )-7030160','C','0.00'),(40,'DRAPOSA','CANTERO ANTON','Luis','Bravo Murillo, 88','','Sevilla',41,0,'(   )-2013106','C','0.00'),(41,'DEPRETOL','REVENGA SALGADO','Julian','Isla Malta, 49','','Sevilla',41,0,'(   )-4030136','C','0.00'),(42,'TEMINSA','BORRAS AROCA','Pedro','Princesa, 69','','Barcelona',8,0,'(   )-7012154','C','0.00'),(43,'DEL OLMO','PELAEZ TEJERO','Felix','Juan Belmonte, 29','','Barcelona',8,0,'(   )-2024886','C','0.00'),(44,'FCP S.A.','FERNANDEZ LOPEZ','Jaime','Orfila, 46','','Madrid',28,0,'(   )-4014620','C','2845183.00'),(45,'ROSCO','LARA CANTERO','Antonio','Bravo Murillo, 95','','Barcelona',8,0,'(   )-7002316','C','0.00'),(46,'ADA','MORCILLO MOLINA','Jose Luis','Sancho Pacheco, 78','','Barcelona',8,0,'(   )-2008808','C','130417.00'),(47,'PALCOSA','GUIJARROMOLINA','Angel','Alberto Leon, 58','','Barcelona',8,0,'(   )-4021274','C','0.00'),(48,'HARSHAW','REDONDO RODRIGUEZ','Jose','Ppe. de Vergara  , 68','','Madrid',28,0,'(   )-7014264','C','0.00'),(49,'ARCOSOL','COLORADO VALDIVIESO','Jesus Manuel','General Aranda, 85','','Barcelona',8,0,'(   )-2031936','C','3162395.00'),(50,'ATR','BOYER HERAS','Antonio','Pedro Villar, 84','','Barcelona',8,0,'(   )-4027696','C','1571793.00'),(51,'TALLERES PAMO','CALLE MORCILLO','Julian','San Jaime, 87','','Barcelona',8,0,'(   )-7023136','C','0.00'),(52,'HIDROPONIA','GARCIA REDONDO','Jose Carlos','Albaida, 53','','Madrid',28,0,'(   )-2024322','C','4999547.00'),(53,'MOTOROLA','MARADONA CABELLO','Maria Jesus','Bravo Murillo, 71','','Madrid',28,0,'(   )-4028132','C','1756132.00'),(54,'LLORENS','ROJAS SINDE','Jose Luis','Bravo Murillo, 69','','Madrid',28,0,'(   )-7001766','C','9662639.00'),(55,'INFERSA','MORCILLO RODRIGUEZ','Jose Manuel','Dragon, 31','','Barcelona',8,0,'(   )-2026990','C','0.00'),(56,'CARLIPS','BORRAS ORGUILAR','Andres','Gran Via, 27','','Barcelona',8,0,'(   )-4017778','C','0.00'),(57,'BECOR','PELAEZ CALLE','Maria Jesus','Bravo Murillo, 68','','Barcelona',8,0,'(   )-7023176','C','0.00'),(58,'FITNESS','SASTRE AROCA','Ana','Pajaritos, 38','','Madrid',28,0,'(   )-2007882','C','0.00'),(59,'INFERSA','RODRIGUEZ CANTERO','Luisa','Fuencarral, 39','','Madrid',28,0,'(   )-4027326','C','0.00'),(60,'MACARRON S.A.','PALOMO REQUENA','Oscar','Bravo Murillo, 51','','Madrid',28,0,'(   )-7004742','C','4847966.00'),(61,'GYM','LORANCA REQUENA','Antonio','Alberto Aguilera, 53','','Malaga',29,0,'(   )-2007492','C','0.00'),(62,'ENFERSA','ORGUILAR BOYER','Antonio','Castellana, 2','','Barcelona',8,0,'(   )-4014000','C','2116493.00'),(63,'LEM','PRIETO PRIETO','Javier','Jaen, 19','','Barcelona',8,0,'(   )-7016556','C','0.00'),(64,'MONCLISA','FAURA REQUENA','Jose Luis','Goya, 44','','Barcelona',8,0,'(   )-2022928','C','0.00'),(65,'JULIO SOTO','SASTRE SIEIRO','Juan','Alarico, 69','','Granada',18,0,'(   )-4022522','C','0.00'),(66,'HIDROPONIA','VADILLO RODRIGUEZ','Jose','Bravo Murillo, 95','','Barcelona',8,0,'(   )-7019192','C','6088441.00'),(67,'PALCOSA','VADILLO ORGUILAR','Antonio','Sandoval, 47','','Madrid',28,0,'(   )-2014916','C','13735675.00'),(68,'MAJISA','CANTERO GARCIA','Jaime','Fuencarral, 95','','Barcelona',8,0,'(   )-4016912','C','9650181.00'),(69,'CASAZUL','PULIDO AMATO','Luis','Jaen, 22','','Barcelona',8,0,'(   )-7021504','C','0.00'),(70,'MATE','CABELLO VAZQUEZ','Angel','Bravo Murillo, 54','','Barcelona',8,0,'(   )-2027018','C','0.00'),(71,'POLIGAS','SASTRE AMATO','Eloy','Pajaritos, 90','','Barcelona',8,0,'(   )-4013228','C','0.00'),(72,'GREGASA','CANTERO RODRIGUEZ','Jose Manuel','Princesa, 16','','Villareal',12,0,'(   )-7022398','C','2525751.00'),(73,'TACIME','BUENDIA REDONDO','Eloy','Alberto Aguilera, 46','','Madrid',28,0,'(   )-2026566','C','0.00'),(74,'ARRIETA','CARDABA TEJERO','Oscar','Padul, 7','','Barcelona',8,0,'(   )-4006646','C','0.00'),(75,'MACARRON S.A.','PULIDO ROJAS','Julian','Profesor Waksman, 17','','Atienza',19,0,'(   )-7007908','C','0.00'),(76,'PEREIRA','SALGADO CANTERO','Jose Manuel','Serrano, 55','','Madrid',28,0,'(   )-2016960','C','0.00'),(77,'LEM','CALLE HERAS','Javier','Escuelas, 42','','Madrid',28,0,'(   )-4011844','C','1004690.00'),(78,'FEAGAS','CEBRIAN PALOMO','Eloy','Escuelas, 82','','Madrid',28,0,'(   )-7007156','C','0.00'),(79,'ATT','LOPEZ CEBRIAN','Ana','Goya, 59','','Barcelona',8,0,'(   )-2032732','C','0.00'),(80,'ROBLES','MARCOS BORRAS','Maria Jesus','Narvaez, 87','','Atienza',19,0,'(   )-4023866','C','0.00'),(81,'TACIME','CEBRIAN PRIETO','Carlos','Castellana, 37','','Madrid',28,0,'(   )-7010322','C','1269389.00'),(82,'RODIO','REDONDO ROJAS','Maria Jesus','Orfila, 70','','Madrid',28,0,'(   )-2028376','C','0.00'),(83,'REXPACS','PANIAGUA SIEIRO','Jose Luis','Drogueros, 46','','Granada',18,0,'(   )-4022090','C','4565025.00'),(84,'ARCONES','VAZQUEZ BOLANO','Ana','San Bernardo, 85','','Madrid',28,0,'(   )-7004480','C','1286057.00'),(85,'ADA','LUNA CARDABA','Reyes','Bravo Murillo, 24','','Madrid',28,0,'(   )-2024062','C','0.00'),(86,'GPU S.A.','GUIJARROBOYER','Felix','Bravo Murillo, 59','','Barcelona',8,0,'(   )-4019034','C','4750587.00'),(87,'ADA','REVENGA LUNA','Antonio','Conde Torralba, 31','','Barcelona',8,0,'(   )-7020174','C','0.00'),(88,'TABLAS','MARADONA MORENTE','Ana','Bravo Murillo, 84','','Azpeitia',20,0,'(   )-2007902','C','0.00'),(89,'MASIDER','OLIVA MOLERO','Felix','Sandoval, 63','','Madrid',28,0,'(   )-4027954','C','7306205.00'),(90,'SCOTCHMAN','GUERRA PANIAGUA','Eloy','Elfo, 35','','Madrid',28,0,'(   )-7008704','C','0.00'),(91,'VENTAUTO','PULIDO OLIVA','Luis','Princesa, 73','','Barcelona',8,0,'(   )-2006568','C','3916102.00'),(92,'ESSA','AROCA RODRIGUEZ','Luisa','Alcala, 54','','Barcelona',8,0,'(   )-4021338','C','0.00'),(93,'ARCO','OLIVA GARCIA','Jose Manuel','Escribanos, 69','','Madrid',28,0,'(   )-7020398','C','0.00'),(94,'SPOT IBERICA','SIEIRO MONTERO','Felix','Goya, 44','','Madrid',28,0,'(   )-2029008','C','3627657.00'),(95,'AUTOCARES SALAS','TEJERO LOPEZ','Carlos','Narvaez, 22','','Barcelona',8,0,'(   )-4021334','C','500384.00'),(96,'DATAPOINT','MORENTE SALGADO','Ana','Reina Mercedes, 89','','Barcelona',8,0,'(   )-7012122','C','0.00'),(97,'ROS','AMATO BOLANO','Ana','Ponzano, 95','','Sevilla',41,0,'(   )-2030254','C','0.00'),(98,'CASAZUL','SINDE CEBRIAN','Ana','Palacios, 67','','Madrid',28,0,'(   )-4017436','C','1079965.00'),(99,'ALFOMBRAS MAS','PRIETO CEBRIAN','Carlos','Bravo Murillo, 95','','Guadalajara',19,0,'(   )-7023996','C','0.00'),(100,'INTEL','VALDIVIESO AROCA','Luisa','Bravo Murillo, 49','','Barcelona',8,0,'(   )-2011086','C','0.00');
/*!40000 ALTER TABLE "CLIENTES" ENABLE KEYS */;
UNLOCK TABLES;

--
-- Table structure for table "FORMPAGOS"
--

DROP TABLE IF EXISTS "FORMPAGOS";
CREATE TABLE "FORMPAGOS" (
  "FORMPAGO" varchar(2) NOT NULL,
  "DESCRIPCION" varchar(20) default NULL,
  PRIMARY KEY  ("FORMPAGO")
);

--
-- Dumping data for table "FORMPAGOS"
--

LOCK TABLES "FORMPAGOS" WRITE;
/*!40000 ALTER TABLE "FORMPAGOS" DISABLE KEYS */;
INSERT INTO "FORMPAGOS" VALUES ('C','Contado'),('L1','30'),('L2','30/60'),('L3','30/60/90'),('L4','30/60/90/120');
/*!40000 ALTER TABLE "FORMPAGOS" ENABLE KEYS */;
UNLOCK TABLES;

--
-- Table structure for table "LINEAS"
--

DROP TABLE IF EXISTS "LINEAS";
CREATE TABLE "LINEAS" (
  "ALBARAN" int(4) NOT NULL,
  "LINEA" int(2) NOT NULL,
  "ARTICULO" int(3) default NULL,
  "PROVEEDOR" int(3) default NULL,
  "CANTIDAD" int(5) default NULL,
  "DESCUENTO" int(3) default NULL,
  "PRECIO" decimal(9,2) default NULL,
  PRIMARY KEY  ("ALBARAN","LINEA"),
  KEY "ARTICULO" ("ARTICULO","PROVEEDOR"),
  KEY "ALBARAN" ("ALBARAN"),
  CONSTRAINT "FOR1_LIN" FOREIGN KEY ("ARTICULO", "PROVEEDOR") REFERENCES "ARTICULOS" ("ARTICULO", "PROVEEDOR"),
  CONSTRAINT "FOR2_LIN" FOREIGN KEY ("ALBARAN") REFERENCES "ALBARANES" ("ALBARAN")
);

--
-- Dumping data for table "LINEAS"
--

LOCK TABLES "LINEAS" WRITE;
/*!40000 ALTER TABLE "LINEAS" DISABLE KEYS */;
INSERT INTO "LINEAS" VALUES (1,1,133,68,2,6,'47686.00'),(1,2,26,89,3,7,'66069.00'),(1,3,56,3,4,8,'22602.00'),(1,4,12,35,5,9,'38486.00'),(1,5,3,90,2,4,'64516.00'),(1,6,119,87,2,5,'50897.00'),(1,7,48,77,3,6,'56607.00'),(1,8,111,40,4,7,'32393.00'),(1,9,13,72,5,8,'59300.00'),(1,10,34,75,1,9,'33328.00'),(1,11,158,22,2,10,'40998.00'),(1,12,161,40,3,5,'56089.00'),(1,13,33,89,4,6,'84303.00'),(1,14,22,98,5,7,'44102.00'),(1,15,84,67,1,8,'47596.00'),(1,16,64,50,2,9,'67042.00'),(1,17,38,88,3,10,'41054.00'),(1,18,112,54,4,5,'60655.00'),(1,19,153,33,5,6,'34190.00'),(1,20,1,14,1,5,'80538.00'),(2,1,129,94,3,7,'50532.00'),(2,2,126,13,5,9,'79497.00'),(2,3,30,1,2,5,'18729.00'),(2,4,116,100,4,7,'82622.00'),(2,5,179,2,1,9,'39564.00'),(2,6,154,5,3,5,'85456.00'),(2,7,148,55,5,7,'47111.00'),(3,1,129,94,4,8,'50532.00'),(3,2,67,48,2,5,'80238.00'),(3,3,182,62,5,8,'54108.00'),(4,1,181,36,5,9,'65679.00'),(4,2,20,66,4,7,'45015.00'),(4,3,56,3,3,5,'22602.00'),(4,4,145,63,2,9,'34859.00'),(4,5,14,45,1,7,'42027.00'),(4,6,160,49,5,5,'33547.00'),(4,7,131,94,4,9,'49486.00'),(4,8,49,30,3,7,'56127.00'),(4,9,57,85,2,5,'41362.00'),(4,10,76,98,1,9,'39330.00'),(4,11,35,96,1,5,'33581.00'),(4,12,70,83,5,7,'36098.00'),(4,13,178,8,4,5,'40732.00'),(4,14,173,51,3,9,'65949.00'),(4,15,110,80,2,7,'70099.00'),(4,16,18,63,1,5,'66168.00'),(4,17,1,14,1,5,'80538.00'),(5,1,3,90,1,10,'66695.00'),(5,2,120,11,1,9,'64676.00'),(5,3,145,63,1,8,'34859.00'),(6,1,166,17,2,5,'52895.00'),(6,2,9,58,3,5,'34276.00'),(6,3,113,96,4,5,'42473.00'),(6,4,65,69,5,5,'42721.00'),(6,5,94,46,1,5,'84753.00'),(7,1,6,54,3,6,'87226.00'),(7,2,124,62,5,7,'66922.00'),(7,3,108,21,2,8,'84594.00'),(7,4,128,78,4,9,'76354.00'),(7,5,15,3,1,10,'15229.00'),(7,6,47,10,3,5,'60466.00'),(7,7,112,54,5,6,'60655.00'),(7,8,147,85,2,7,'66378.00'),(7,9,192,70,4,8,'84363.00'),(7,10,110,80,1,9,'70099.00'),(7,11,115,14,3,10,'67771.00'),(7,12,89,83,5,5,'47527.00'),(7,13,23,74,2,6,'84221.00'),(7,14,99,72,4,7,'50065.00'),(7,15,101,73,1,8,'89953.00'),(7,16,57,85,3,9,'41362.00'),(7,17,25,79,5,10,'85636.00'),(7,18,45,46,2,5,'36715.00'),(8,1,78,38,4,7,'79518.00'),(8,2,137,3,2,9,'14592.00'),(8,3,124,62,5,5,'66922.00'),(8,4,69,57,3,7,'73302.00'),(8,5,176,7,1,9,'33675.00'),(8,6,165,92,4,5,'41881.00'),(9,1,86,66,5,8,'34100.00'),(10,1,38,88,1,9,'41054.00'),(10,2,191,22,1,7,'33564.00'),(10,3,64,50,1,5,'67042.00'),(10,4,45,46,1,9,'36715.00'),(10,5,144,100,1,7,'75698.00'),(10,6,78,38,1,5,'79518.00'),(10,7,79,69,1,9,'59484.00'),(10,8,122,38,1,7,'32381.00'),(10,9,72,66,1,5,'70116.00'),(10,10,101,73,1,9,'89953.00'),(10,11,172,34,1,7,'65842.00'),(10,12,167,28,1,5,'57439.00'),(10,13,1,14,1,5,'80538.00'),(11,1,159,21,2,10,'87797.00'),(11,2,54,32,3,9,'33757.00'),(12,1,188,10,3,5,'35665.00'),(12,2,139,8,5,5,'38923.00'),(12,3,26,89,2,5,'66069.00'),(12,4,125,50,4,5,'54254.00'),(12,5,148,55,3,5,'47111.00'),(12,6,117,62,3,5,'38121.00'),(12,7,191,22,5,5,'33564.00'),(12,8,22,98,2,5,'44102.00'),(12,9,169,34,4,5,'55737.00'),(12,10,72,66,1,5,'70116.00'),(12,11,37,82,3,5,'31600.00'),(12,12,46,58,5,5,'32428.00'),(12,13,143,47,2,5,'50387.00'),(12,14,111,40,4,5,'32393.00'),(12,15,81,91,1,5,'85040.00'),(13,1,40,8,4,6,'47501.00'),(14,1,1,14,5,7,'80538.00'),(14,2,93,20,4,9,'76646.00'),(14,3,60,46,3,5,'45679.00'),(14,4,34,75,2,7,'33328.00'),(14,5,107,61,1,9,'67351.00'),(14,6,52,27,5,5,'59750.00'),(14,7,12,35,4,7,'38486.00'),(14,8,167,28,3,9,'57439.00'),(14,9,162,94,2,5,'41465.00'),(14,10,84,67,1,7,'47596.00'),(14,11,61,9,5,9,'53868.00'),(14,12,91,68,4,5,'82228.00'),(14,13,151,12,3,7,'32145.00'),(14,14,99,72,2,9,'50065.00'),(14,15,120,11,1,5,'64676.00'),(14,16,139,8,5,7,'38923.00'),(14,17,177,70,4,9,'68646.00'),(15,1,15,3,1,8,'15229.00'),(15,2,136,75,1,5,'56316.00'),(15,3,60,46,1,8,'45679.00'),(15,4,12,35,1,5,'38486.00'),(15,5,194,20,1,8,'71372.00'),(15,6,111,40,1,5,'32393.00'),(15,7,72,66,1,8,'70116.00'),(15,8,125,50,1,5,'54254.00'),(15,9,42,43,1,8,'35334.00'),(15,10,130,89,1,5,'45023.00'),(15,11,18,63,1,8,'66168.00'),(15,12,70,83,1,5,'36098.00'),(15,13,2,87,1,8,'52273.00'),(15,14,20,66,1,5,'45015.00'),(15,15,122,38,1,8,'32381.00'),(15,16,24,99,1,5,'57816.00'),(15,17,7,68,1,8,'66275.00'),(15,18,156,90,1,5,'56706.00'),(15,19,144,100,1,8,'75698.00'),(15,20,6,54,1,5,'87226.00'),(16,1,6,54,2,9,'87226.00'),(16,2,150,91,3,7,'45354.00'),(16,3,104,84,4,5,'33928.00'),(16,4,93,20,5,9,'76646.00'),(16,5,97,25,1,7,'62121.00'),(16,6,132,49,2,5,'35099.00'),(16,7,153,33,3,9,'34190.00'),(16,8,17,94,4,7,'49435.00'),(16,9,107,61,5,5,'67351.00'),(16,10,81,91,1,9,'85040.00'),(16,11,91,68,2,7,'82228.00'),(16,12,47,10,3,5,'60466.00'),(16,13,6,54,4,9,'87226.00'),(16,14,46,58,5,7,'32428.00'),(16,15,8,21,1,5,'44513.00'),(16,16,8,21,2,9,'44513.00'),(16,17,67,48,3,7,'80238.00'),(16,18,167,28,4,5,'57439.00'),(16,19,1,14,1,5,'80538.00'),(17,1,38,88,3,10,'41054.00'),(17,2,81,91,5,9,'85040.00'),(17,3,105,55,2,8,'75745.00'),(17,4,99,72,4,7,'50065.00'),(17,5,66,47,1,6,'51013.00'),(17,6,126,13,3,5,'79497.00'),(17,7,178,8,5,10,'40732.00'),(17,8,16,54,2,9,'50460.00'),(17,9,135,14,4,8,'37122.00'),(17,10,70,83,1,7,'36098.00'),(17,11,61,9,3,6,'53868.00'),(17,12,10,60,5,5,'41692.00'),(18,1,51,23,4,5,'68071.00'),(18,2,90,4,2,5,'38288.00'),(18,3,60,46,5,5,'45679.00'),(18,4,80,5,3,5,'59767.00'),(18,5,122,38,1,5,'32381.00'),(18,6,123,58,4,5,'44779.00'),(19,1,5,25,5,6,'89674.00'),(19,2,126,13,4,7,'79497.00'),(19,3,63,68,3,8,'55608.00'),(19,4,97,25,2,9,'62121.00'),(19,5,84,67,1,10,'47596.00'),(19,6,146,47,5,5,'44368.00'),(20,1,72,66,1,7,'70116.00'),(21,1,12,35,2,8,'38486.00'),(21,2,42,43,3,5,'35334.00'),(21,3,53,27,4,8,'79454.00'),(21,4,179,2,5,5,'39564.00'),(21,5,86,66,1,8,'34100.00'),(21,6,151,12,2,5,'32145.00'),(21,7,73,45,3,8,'76226.00'),(21,8,147,85,4,5,'66378.00'),(21,9,107,61,5,8,'67351.00'),(22,1,12,35,3,9,'38486.00'),(22,2,25,79,5,7,'85636.00'),(22,3,89,83,2,5,'47527.00'),(22,4,160,49,4,9,'33547.00'),(22,5,17,94,1,7,'49435.00'),(22,6,55,25,3,5,'53619.00'),(22,7,51,23,5,9,'68071.00'),(22,8,50,30,2,7,'58048.00'),(22,9,183,27,4,5,'58138.00'),(22,10,64,50,1,9,'67042.00'),(22,11,98,10,3,7,'46580.00'),(22,12,44,35,5,5,'32646.00'),(22,13,51,23,2,9,'68071.00'),(22,14,155,56,4,7,'51519.00'),(22,15,174,20,1,5,'47660.00'),(22,16,175,27,3,9,'60080.00'),(23,1,33,89,4,10,'84303.00'),(23,2,42,43,2,9,'35334.00'),(23,3,115,14,5,8,'67771.00'),(23,4,28,86,3,7,'55750.00'),(23,5,194,20,1,6,'71372.00'),(23,6,114,30,4,5,'46400.00'),(23,7,96,23,2,10,'51994.00'),(23,8,189,57,5,9,'86283.00'),(23,9,163,53,3,8,'44432.00'),(24,1,186,2,5,5,'35425.00'),(24,2,14,45,4,5,'42027.00'),(24,3,123,58,3,5,'44779.00'),(24,4,75,89,2,5,'84307.00'),(24,5,169,34,1,5,'55737.00'),(24,6,20,66,5,5,'45015.00'),(24,7,87,89,4,5,'70386.00'),(24,8,162,94,3,5,'41465.00'),(24,9,114,30,2,5,'46400.00'),(24,10,60,46,1,5,'45679.00'),(24,11,41,30,5,5,'30396.00'),(24,12,167,28,4,5,'57439.00'),(24,13,177,70,3,5,'68646.00'),(25,1,189,57,1,6,'86283.00'),(25,2,84,67,1,7,'47596.00'),(25,3,192,70,1,8,'84363.00'),(25,4,12,35,1,9,'38486.00'),(25,5,135,14,1,10,'37122.00'),(25,6,59,76,1,5,'81250.00'),(25,7,178,8,1,6,'40732.00'),(25,8,129,94,1,7,'50532.00'),(25,9,30,1,1,8,'18729.00'),(25,10,86,66,1,9,'34100.00'),(25,11,182,62,1,10,'54108.00'),(25,12,172,34,1,5,'65842.00'),(25,13,1,14,1,5,'80538.00'),(26,1,171,99,2,7,'63090.00'),(26,2,28,86,3,9,'55750.00'),(26,3,159,21,4,5,'87797.00'),(26,4,106,10,5,7,'89820.00'),(26,5,35,96,1,9,'33581.00'),(26,6,1,14,2,5,'80538.00'),(26,7,134,41,3,7,'36136.00'),(27,1,148,55,3,8,'47111.00'),(27,2,12,35,5,5,'38486.00'),(27,3,42,43,2,8,'35334.00'),(27,4,164,34,4,5,'64470.00'),(27,5,167,28,1,8,'57439.00'),(27,6,29,46,3,5,'34391.00'),(27,7,134,41,5,8,'36136.00'),(27,8,30,1,2,5,'18729.00'),(27,9,64,50,4,8,'67042.00'),(27,10,149,4,1,5,'72822.00'),(27,11,89,83,3,8,'47527.00'),(28,1,140,40,4,9,'57636.00'),(28,2,80,5,2,7,'59767.00'),(28,3,114,30,5,5,'46400.00'),(28,4,119,87,3,9,'50897.00'),(28,5,66,47,1,7,'51013.00'),(28,6,140,40,4,5,'57636.00'),(28,7,177,70,2,9,'68646.00'),(28,8,68,57,5,7,'74378.00'),(28,9,35,96,3,5,'33581.00'),(28,10,104,84,1,9,'33928.00'),(28,11,144,100,4,7,'75698.00'),(28,12,65,69,2,5,'42721.00'),(28,13,71,66,5,9,'86733.00'),(29,1,31,32,5,10,'79651.00'),(29,2,4,12,4,9,'44946.00'),(29,3,102,42,3,8,'36561.00'),(29,4,187,57,2,7,'44560.00'),(29,5,90,4,1,6,'38288.00'),(29,6,1,14,1,5,'80538.00'),(30,1,6,54,1,5,'87226.00'),(30,2,170,70,1,5,'34730.00'),(30,3,109,53,1,5,'88590.00'),(30,4,32,77,1,5,'42057.00'),(30,5,148,55,1,5,'47111.00'),(30,6,124,62,1,5,'66922.00'),(30,7,139,8,1,5,'38923.00'),(30,8,42,43,1,5,'35334.00'),(30,9,49,30,1,5,'56127.00'),(30,10,55,25,1,5,'53619.00'),(30,11,62,78,1,5,'51660.00'),(30,12,28,86,1,5,'55750.00'),(30,13,104,84,1,5,'33928.00'),(30,14,2,87,1,5,'52273.00'),(30,15,13,72,1,5,'59300.00'),(30,16,1,14,1,5,'80538.00'),(30,17,168,46,1,5,'41838.00'),(31,1,74,72,2,6,'66382.00'),(31,2,159,21,3,7,'87797.00'),(31,3,22,98,4,8,'44102.00'),(31,4,136,75,5,9,'56316.00'),(32,1,53,27,3,7,'79454.00'),(32,2,186,2,5,9,'35425.00'),(32,3,26,89,2,5,'66069.00'),(32,4,114,30,4,7,'46400.00'),(32,5,23,74,1,9,'84221.00'),(32,6,30,1,3,5,'18729.00'),(32,7,163,53,5,7,'44432.00'),(32,8,119,87,2,9,'50897.00'),(32,9,50,30,4,5,'58048.00'),(32,10,105,55,1,7,'75745.00'),(32,11,24,99,3,9,'57816.00'),(32,12,55,25,5,5,'53619.00'),(33,1,150,91,4,8,'45354.00'),(33,2,132,49,2,5,'35099.00'),(33,3,74,72,5,8,'66382.00'),(33,4,115,14,3,5,'67771.00'),(33,5,1,14,1,5,'80538.00'),(34,1,153,33,5,9,'34190.00'),(34,2,176,7,4,7,'33675.00'),(34,3,167,28,3,5,'57439.00'),(35,1,35,96,1,10,'33581.00'),(35,2,64,50,1,9,'67042.00'),(35,3,41,30,1,8,'30396.00'),(35,4,21,26,1,7,'43167.00'),(35,5,104,84,1,6,'33928.00'),(36,1,11,39,2,5,'55836.00'),(36,2,181,36,3,5,'65679.00'),(36,3,158,22,4,5,'40998.00'),(36,4,175,27,5,5,'60080.00'),(36,5,120,11,1,5,'64676.00'),(36,6,146,47,2,5,'44368.00'),(36,7,148,55,3,5,'47111.00'),(36,8,167,28,4,5,'57439.00'),(36,9,86,66,5,5,'34100.00'),(36,10,14,45,1,5,'42027.00'),(36,11,94,46,2,5,'84753.00'),(36,12,133,68,3,5,'47686.00'),(36,13,17,94,4,5,'49435.00'),(36,14,27,64,5,5,'85610.00'),(36,15,76,98,1,5,'39330.00'),(36,16,127,1,2,5,'10920.00'),(36,17,19,27,3,5,'34181.00'),(36,18,151,12,4,5,'32145.00'),(36,19,58,64,5,5,'70395.00'),(37,1,179,2,3,6,'39564.00'),(37,2,115,14,5,7,'67771.00'),(37,3,180,68,2,8,'63248.00'),(37,4,20,66,4,9,'45015.00'),(37,5,101,73,1,10,'89953.00'),(37,6,83,72,3,5,'68470.00'),(38,1,179,2,4,7,'39564.00'),(38,2,79,69,2,9,'59484.00'),(38,3,99,72,5,5,'50065.00'),(38,4,68,57,3,7,'74378.00'),(38,5,89,83,1,9,'47527.00'),(38,6,128,78,4,5,'76354.00'),(38,7,176,7,2,7,'33675.00'),(38,8,19,27,5,9,'34181.00'),(38,9,82,68,3,5,'31536.00'),(38,10,73,45,1,7,'76226.00'),(38,11,11,39,4,9,'55836.00'),(38,12,84,67,2,5,'47596.00'),(38,13,136,75,5,7,'56316.00'),(38,14,41,30,3,9,'30396.00'),(38,15,2,87,1,5,'52273.00'),(38,16,1,14,1,5,'80538.00'),(39,1,4,12,5,8,'44946.00'),(39,2,116,100,4,5,'82622.00'),(39,3,6,54,3,8,'87226.00'),(39,4,95,44,2,5,'45452.00'),(39,5,44,35,1,8,'32646.00'),(39,6,190,86,5,5,'58794.00'),(39,7,133,68,4,8,'47686.00'),(39,8,179,2,3,5,'39564.00'),(39,9,29,46,2,8,'34391.00'),(39,10,128,78,1,5,'76354.00'),(40,1,143,47,1,9,'50387.00'),(40,2,128,78,1,7,'76354.00'),(40,3,144,100,1,5,'75698.00'),(40,4,192,70,1,9,'84363.00'),(40,5,6,54,1,7,'87226.00'),(40,6,135,14,1,5,'37122.00'),(40,7,37,82,1,9,'31600.00'),(40,8,170,70,1,7,'34730.00'),(40,9,92,38,1,5,'89919.00'),(40,10,150,91,1,9,'45354.00'),(40,11,56,3,1,7,'22602.00'),(40,12,77,80,1,5,'80564.00'),(40,13,178,8,1,9,'40732.00'),(40,14,166,17,1,7,'52895.00'),(40,15,86,66,1,5,'34100.00'),(41,1,14,45,2,10,'42027.00'),(41,2,190,86,3,9,'58794.00'),(41,3,72,66,4,8,'70116.00'),(41,4,108,21,5,7,'84594.00'),(41,5,156,90,1,6,'56706.00'),(41,6,73,45,2,5,'76226.00'),(41,7,76,98,3,10,'39330.00'),(41,8,142,9,4,9,'73713.00'),(41,9,120,11,5,8,'64676.00'),(41,10,96,23,1,7,'51994.00'),(41,11,184,54,2,6,'55947.00'),(41,12,10,60,3,5,'41692.00'),(41,13,128,78,4,10,'76354.00'),(41,14,75,89,5,9,'84307.00'),(41,15,190,86,1,8,'58794.00'),(41,16,163,53,2,7,'44432.00'),(41,17,165,92,3,6,'41881.00'),(41,18,75,89,4,5,'84307.00'),(41,19,65,69,5,10,'42721.00'),(41,20,166,17,1,9,'52895.00'),(42,1,99,72,3,5,'50065.00'),(42,2,16,54,5,5,'50460.00'),(42,3,80,5,2,5,'59767.00'),(42,4,85,17,4,5,'63360.00'),(42,5,15,3,1,5,'15229.00'),(42,6,32,77,3,5,'42057.00'),(42,7,66,47,5,5,'51013.00'),(42,8,59,76,2,5,'81250.00'),(42,9,55,25,4,5,'53619.00'),(43,1,42,43,4,6,'35334.00'),(43,2,3,90,2,7,'66695.00'),(43,3,106,10,5,8,'89820.00'),(43,4,149,4,3,9,'72822.00'),(43,5,5,25,1,10,'89674.00'),(43,6,42,43,4,5,'35334.00'),(43,7,24,99,2,6,'57816.00'),(43,8,137,3,5,7,'14592.00'),(44,1,130,89,5,7,'45023.00'),(44,2,182,62,4,9,'54108.00'),(44,3,137,3,3,5,'14592.00'),(44,4,71,66,2,7,'86733.00'),(44,5,180,68,1,9,'63248.00'),(44,6,103,69,5,5,'55921.00'),(44,7,151,12,4,7,'32145.00'),(44,8,41,30,3,9,'30396.00'),(44,9,57,85,2,5,'41362.00'),(44,10,86,66,1,7,'34100.00'),(44,11,90,4,5,9,'38288.00'),(44,12,106,10,4,5,'89820.00'),(44,13,141,30,3,7,'66104.00'),(44,14,67,48,2,9,'80238.00'),(45,1,135,14,1,8,'37122.00'),(45,2,57,85,1,5,'41362.00'),(45,3,85,17,1,8,'63360.00'),(45,4,61,9,1,5,'53868.00'),(45,5,132,49,1,8,'35099.00'),(45,6,116,100,1,5,'82622.00'),(45,7,95,44,1,8,'45452.00'),(45,8,39,82,1,5,'71145.00'),(45,9,129,94,1,8,'50532.00'),(45,10,174,20,1,5,'47660.00'),(45,11,114,30,1,8,'46400.00'),(45,12,118,72,1,5,'32389.00'),(45,13,148,55,1,8,'47111.00'),(45,14,148,55,1,5,'47111.00'),(45,15,85,17,1,8,'63360.00'),(45,16,150,91,1,5,'45354.00'),(45,17,75,89,1,8,'84307.00'),(45,18,4,12,1,5,'44946.00'),(46,1,10,60,2,9,'41692.00'),(46,2,7,68,3,7,'66275.00'),(46,3,123,58,4,5,'44779.00'),(46,4,122,38,5,9,'32381.00'),(46,5,112,54,1,7,'60655.00'),(47,1,98,10,3,10,'46580.00'),(47,2,148,55,5,9,'47111.00'),(47,3,55,25,2,8,'53619.00'),(47,4,43,12,4,7,'32038.00'),(47,5,112,54,1,6,'60655.00'),(47,6,52,27,3,5,'59750.00'),(47,7,114,30,5,10,'46400.00'),(47,8,131,94,2,9,'49486.00'),(47,9,93,20,4,8,'76646.00'),(47,10,28,86,1,7,'55750.00'),(47,11,75,89,3,6,'84307.00'),(47,12,58,64,5,5,'70395.00'),(47,13,3,90,2,10,'66695.00'),(47,14,149,4,4,9,'72822.00'),(48,1,19,27,4,5,'34181.00'),(48,2,8,21,2,5,'44513.00'),(48,3,14,45,5,5,'42027.00'),(48,4,71,66,3,5,'86733.00'),(48,5,163,53,1,5,'44432.00'),(48,6,83,72,4,5,'68470.00'),(48,7,156,90,2,5,'56706.00'),(48,8,37,82,5,5,'31600.00'),(48,9,13,72,3,5,'59300.00'),(48,10,35,96,1,5,'33581.00'),(48,11,74,72,4,5,'66382.00'),(48,12,9,58,2,5,'34276.00'),(48,13,59,76,5,5,'81250.00'),(48,14,38,88,3,5,'41054.00'),(48,15,81,91,1,5,'85040.00'),(48,16,159,21,4,5,'87797.00'),(48,17,9,58,2,5,'34276.00'),(48,18,115,14,5,5,'67771.00'),(49,1,60,46,5,6,'45679.00'),(49,2,153,33,4,7,'34190.00'),(49,3,183,27,3,8,'58138.00'),(50,1,162,94,1,7,'41465.00'),(50,2,82,68,1,9,'31536.00'),(50,3,24,99,1,5,'57816.00'),(50,4,73,45,1,7,'76226.00'),(50,5,183,27,1,9,'58138.00'),(50,6,138,9,1,5,'30769.00'),(50,7,84,67,1,7,'47596.00'),(50,8,24,99,1,9,'57816.00'),(50,9,147,85,1,5,'66378.00'),(50,10,103,69,1,7,'55921.00'),(50,11,50,30,1,9,'58048.00');
/*!40000 ALTER TABLE "LINEAS" ENABLE KEYS */;
UNLOCK TABLES;

--
-- Table structure for table "PROVEEDORES"
--

DROP TABLE IF EXISTS "PROVEEDORES";
CREATE TABLE "PROVEEDORES" (
  "PROVEEDOR" int(3) NOT NULL,
  "EMPRESA" varchar(25) default NULL,
  "APELLIDOS" varchar(25) default NULL,
  "NOMBRE" varchar(15) default NULL,
  "DIRECCION1" varchar(25) default NULL,
  "DIRECCION2" varchar(25) default NULL,
  "POBLACION" varchar(15) default NULL,
  "PROVINCIA" int(2) default NULL,
  "DISTRITO" int(5) default NULL,
  "TELEFONO" varchar(13) default NULL,
  PRIMARY KEY  ("PROVEEDOR"),
  KEY "PROVINCIA" ("PROVINCIA"),
  CONSTRAINT "FOR1_PRO" FOREIGN KEY ("PROVINCIA") REFERENCES "PROVINCIAS" ("PROVINCIA")
);

--
-- Dumping data for table "PROVEEDORES"
--

LOCK TABLES "PROVEEDORES" WRITE;
/*!40000 ALTER TABLE "PROVEEDORES" DISABLE KEYS */;
INSERT INTO "PROVEEDORES" VALUES (1,'CASA','REVENGA AROCA','Maria Luisa','San Jaime, 75','','Villareal',12,0,'(  )-2014182'),(2,'R. BRANAS','CARDABA ORGUILAR','Reyes','Narvaez, 0','','Sevilla',41,0,'(  )-4014148'),(3,'TABLAS','ORGUILAR ESTEVEZ','Ana','Bravo Murillo, 20','','Madrid',28,0,'(  )-7030792'),(4,'VENTAUTO','MORCILLO PALOMO','Jose','Bravo Murillo, 78','','Granada',18,0,'(  )-2004806'),(5,'ART','BORRAS CALLE','Oscar','Padul, 27','','Villareal',12,0,'(  )-4008404'),(6,'DAM','MORENTE RODRIGUEZ','Jose','Princesa, 98','','Malaga',29,0,'(  )-7030222'),(7,'BECOR','BORRAS GARCIA','Jose Carlos','Dracena, 20','','Barcelona',8,0,'(  )-2026780'),(8,'TYLER','GONZALEZ TEJERO','Maria Jesus','Castro Serna , 0','','Madrid',28,0,'(  )-4022352'),(9,'HELIOS','LORANCA VALDIVIESO','Antonio','Ppe. de Vergara  , 14','','Madrid',28,0,'(  )-7024510'),(10,'BARNICES DEVA','SASTRE LORANCA','Federico','Bravo Murillo, 33','','Azpeitia',20,0,'(  )-2003738'),(11,'ALFOMBRAS MAS','MORCILLO AROCA','Luisa','Isla Malta, 23','','Atienza',19,0,'(  )-4031508'),(12,'SIRO','CEBRIAN MONTERO','Javier','Castro de Oro, 2','','Barcelona',8,0,'(  )-7031802'),(13,'FESAN','TEJERO LOPEZ','Felipe','Palacios, 27','','Barcelona',8,0,'(  )-2014272'),(14,'HELIOS','TEJERO GUIJARRO','Antonio','Ppe. de Vergara  , 57','','Villareal',12,0,'(  )-4010578'),(15,'ROSCO','SASTRE SIEIRO','Jose Manuel','Ppe. de Vergara  , 45','','Madrid',28,0,'(  )-7025470'),(16,'CIFERSA','ANTON ORGUILAR','Eloy','Serrano, 77','','Malaga',29,0,'(  )-2026710'),(17,'ARRIETA','MOLERO BORRAS','Felipe','Avila, 39','','Barcelona',8,0,'(  )-4001684'),(18,'GRANDA S.A.','CARDABA VADILLO','Luis','Elda, 1','','Barcelona',8,0,'(  )-7013266'),(19,'HELIOS','REVENGA CANTERO','Jaime','Alaro, 52','','Barcelona',8,0,'(  )-2026824'),(20,'VENTAUTO','VAZQUEZ BUENDIA','Eloy','Espalter, 0','','Barcelona',8,0,'(  )-4026682'),(21,'FIMSA','MARCOS ORGUILAR','Jose Manuel','Palacios, 45','','Barcelona',8,0,'(  )-7024854'),(22,'AGRUGASA','RODRIGUEZ CALLE','Angel','Sandoval, 17','','Guadalajara',19,0,'(  )-2005354'),(23,'DAM','REVENGA REDONDO','Pedro','Jose Noriega, 99','','Madrid',28,0,'(  )-4031532'),(24,'REINA CASTILLA','LARA ORGUILAR','Jose','Serrano, 99','','Barcelona',8,0,'(  )-7017106'),(25,'CARLIPS','GARCIA LUNA','Jose Carlos','Juan Anton, 89','','Barcelona',8,0,'(  )-2004750'),(26,'ARCO','BOYER PANIAGUA','Julian','Goya, 42','','Barcelona',8,0,'(  )-4000354'),(27,'COMERCIAL SILMAR','FAURA ESTEVEZ','Andres','Princesa, 87','','Sevilla',41,0,'(  )-7025316'),(28,'DETECSA','VADILLO BOYER','Maria Jesus','Goya, 87','','Barcelona',8,0,'(  )-2014058'),(29,'REFO','COLORADO AMATO','Oscar','Bravo Murillo, 32','','Barcelona',8,0,'(  )-4009810'),(30,'IEC','GUERRA CANTERO','Ana','Alberto Aguilera, 63','','Madrid',28,0,'(  )-7000220'),(31,'REINA CASTILLA','BORRAS PANIAGUA','Javier','Padul, 2','','Madrid',28,0,'(  )-2016372'),(32,'PEDRAZA','REDONDO COLORADO','Angel','Bravo Murillo, 24','','Madrid',28,0,'(  )-4005560'),(33,'TRITON','GUERRA SASTRE','Luisa','Orfila, 53','','Madrid',28,0,'(  )-7021966'),(34,'TYLER','MARADONA RODRIGUEZ','Eloy','Serrano, 85','','Granada',18,0,'(  )-2019380'),(35,'COFIMSA','REQUENA GUIJARRO','Federico','Narvaez, 20','','Madrid',28,0,'(  )-4002782'),(36,'GREGASA','CANTERO BOLANO','Jaime','Alberto Aguilera, 25','','Madrid',28,0,'(  )-7021732'),(37,'LLORENS','VAZQUEZ COLORADO','Luisa','Montera, 85','','Soria',42,0,'(  )-2024588'),(38,'SEGURGAS','ANTON GUIJARRO','Ana','Dulcinea, 63','','Barcelona',8,0,'(  )-4007194'),(39,'TILEER','PANIAGUA RODRIGUEZ','Luis','Narvaez, 92','','Barcelona',8,0,'(  )-7027756'),(40,'DAM','REQUENA CEBRIAN','Jose Manuel','Serrano, 54','','Madrid',28,0,'(  )-2024672'),(41,'AGRUGASA','REVENGA HERAS','Jose Manuel','Bravo Murillo, 7','','Madrid',28,0,'(  )-4000316'),(42,'AMALLO','BOLANO GARCIA','Jaime','Serrano, 69','','Madrid',28,0,'(  )-7031692'),(43,'BIMASA S.L.','GARCIA AROCA','Reyes','Alcala, 62','','Madrid',28,0,'(  )-2032182'),(44,'FCP S.A.','AROCA MARCOS','Javier','San Bernardo, 28','','Barcelona',8,0,'(  )-4014864'),(45,'CARNAUD','LUNA SALGADO','Angel','Ppe. de Vergara  , 20','','Madrid',28,0,'(  )-7012924'),(46,'FACIT','LORANCA VALDIVIESO','Alfonso','Alava, 64','','Barcelona',8,0,'(  )-2028230'),(47,'DATAPOINT','CALLE LOPEZ','Javier','Castellana, 19','','Madrid',28,0,'(  )-4010438'),(48,'CASA','MOLINA MOLINA','Ana','Goya, 78','','Madrid',28,0,'(  )-7003002'),(49,'R. BRANAS','LARA PALOMO','Eloy','Castellana, 7','','Madrid',28,0,'(  )-2012584'),(50,'CIFERSA','LARA LUNA','Maria Luisa','Bravo Murillo, 24','','Barcelona',8,0,'(  )-4025492'),(51,'HORARIO','REDONDO PRIETO','Felix','Ppe. de Vergara  , 74','','Madrid',28,0,'(  )-7027284'),(52,'AMPE','CALLE PALOMO','Felix','General Aranaz, 57','','Barcelona',8,0,'(  )-2010030'),(53,'GUYON','REQUENA VADILLO','Luis','Serrano, 68','','Guadalajara',19,0,'(  )-4028740'),(54,'SLIPPER','TEJERO MONTERO','Reyes','Fuencarral, 72','','Barcelona',8,0,'(  )-7022294'),(55,'CORITEL','RODRIGUEZ REQUENA','Jose Carlos','Bravo Murillo, 88','','Barcelona',8,0,'(  )-2004984'),(56,'DATAPOINT','VADILLO MARADONA','Felix','Isla Nelson, 68','','Sevilla',41,0,'(  )-4001596'),(57,'GONBARRI','MOLERO CASTEL','Jose Carlos','Alberto Aguilera, 92','','Madrid',28,0,'(  )-7022756'),(58,'CARO','TEJERO LORANCA','Jesus Manuel','Bravo Murillo, 88','','Guadalajara',19,0,'(  )-2001500'),(59,'TECNICONTA S.A.','MOLERO BORRAS','Felipe','Alborea, 36','','Madrid',28,0,'(  )-4006842'),(60,'TABLAS','SASTRE GUERRA','Maria Jesus','Narvaez, 27','','Atienza',19,0,'(  )-7019134'),(61,'TALLERES PAMO','CANTERO PRIETO','Reyes','Alberto Aguilera, 47','','Madrid',28,0,'(  )-2013876'),(62,'ADA','SALGADO FAURA','Juan','Narvaez, 1','','Barcelona',8,0,'(  )-4000634'),(63,'RTC S.A.','FAURA FAURA','Maria Luisa','Castellana, 83','','Malaga',29,0,'(  )-7019212'),(64,'HELIOS','LOPEZ BOYER','Maria Luisa','Castro Monte , 43','','Madrid',28,0,'(  )-2016784'),(65,'DETECSA','GARCIA MOLERO','Maria Jesus','Alberto Aguilera, 20','','Barcelona',8,0,'(  )-4023410'),(66,'IEC','MARCOS AMATO','Andres','Serrano, 22','','Barcelona',8,0,'(  )-7019964'),(67,'REXPACS','BOYER LARA','Antonio','Bravo Murillo, 8','','Madrid',28,0,'(  )-2027690'),(68,'GPU S.A.','LOPEZ OLIVA','Jose Manuel','Bravo Murillo, 68','','Madrid',28,0,'(  )-4021292'),(69,'CARLIPS','COLORADO GUERRA','Reyes','Bravo Murillo, 51','','Madrid',28,0,'(  )-7009326'),(70,'BALS','REDONDO REQUENA','Pedro','Juan Barrera, 84','','Barcelona',8,0,'(  )-2007568'),(71,'GAME','LUNA OLIVA','Luis','Albaida, 7','','Villareal',12,0,'(  )-4028142'),(72,'FEMBASA','LOPEZ REDONDO','Maria Luisa','Alberto Aguilera, 77','','Barcelona',8,0,'(  )-7008898'),(73,'ARCOSOL','VALDIVIESO LUNA','Antonio','Fuencarral, 97','','Madrid',28,0,'(  )-2005368'),(74,'MONCLISA','FERNANDEZ LARA','Juan','Princesa, 2','','Barcelona',8,0,'(  )-4004698'),(75,'HORARIO','PELAEZ SASTRE','Federico','Fuencarral, 65','','Guadalajara',19,0,'(  )-7026674'),(76,'ROSCO','COLORADO ANTON','Reyes','Bravo Murillo, 26','','Madrid',28,0,'(  )-2028428'),(77,'SPOT IBERICA','SASTRE MOLINA','Julian','Goyeneche, 65','','Sevilla',41,0,'(  )-4010026'),(78,'KINDAR','TORRECILLAS RODRIGUEZ','Oscar','San Bernardo, 40','','Barcelona',8,0,'(  )-7014994'),(79,'TACIME','GUERRA LARA','Eloy','Gran Via, 82','','Madrid',28,0,'(  )-2025934'),(80,'DEL OLMO','ANTON MARADONA','Juan','Castro Serna , 23','','Barcelona',8,0,'(  )-4024122'),(81,'MUNDIGRAF','PRIETO SIEIRO','Felipe','Esfinge, 79','','Barcelona',8,0,'(  )-7017388'),(82,'TRIGUERO','VADILLO SOLCHAGA','Jaime','Escuelas, 51','','Madrid',28,0,'(  )-2006248'),(83,'AMALLO','MARADONA AMATO','Reyes','Sancho Pacheco, 4','','Madrid',28,0,'(  )-4027986'),(84,'GISA','BOYER GONZALEZ','Oscar','Sandoval, 30','','Madrid',28,0,'(  )-7019668'),(85,'ROCHINA','AMATO MOLERO','Andres','Avila, 52','','Madrid',28,0,'(  )-2020992'),(86,'FESAN','SOLCHAGA PELAEZ','Ana','Ppe. de Vergara  , 2','','Barcelona',8,0,'(  )-4001548'),(87,'JUBANY','COLORADO SINDE','Alfonso','Elfo, 6','','Sevilla',41,0,'(  )-7028622'),(88,'CELLINI','MORCILLO CASTEL','Luis','Juan Belmonte, 88','','Madrid',28,0,'(  )-2010738'),(89,'VIDA','PANIAGUA MONTERO','Pedro','San Jaime, 76','','Barcelona',8,0,'(  )-4009964'),(90,'ALCOLEA','GUIJARROCABELLO','Jose','Alcala, 14','','Madrid',28,0,'(  )-7013742'),(91,'LLORENS','SOLCHAGA BOLANO','Luis','Escuelas, 37','','Villareal',12,0,'(  )-2023050'),(92,'DETECSA','BOYER LARA','Jose Carlos','Ppe. de Vergara  , 59','','Madrid',28,0,'(  )-4006916'),(93,'TALLERES MARFAN','AMATO REVENGA','Antonio','Juan Mazo, 30','','Madrid',28,0,'(  )-7003692'),(94,'AMPER','MORCILLO MARCOS','Carlos','Bravo Murillo, 22','','Barcelona',8,0,'(  )-2020098'),(95,'DSE','PALOMO PELAEZ','Felipe','Gran Via, 35','','Villareal',12,0,'(  )-4003010'),(96,'DALDA','PALOMO GUIJARRO','Juan','Ppe. de Vergara  , 91','','Madrid',28,0,'(  )-7010704'),(97,'MATE','TORRECILLAS CASTEL','Maria Jesus','Narvaez, 42','','Madrid',28,0,'(  )-2031834'),(98,'CARLIPS','MORCILLO SALGADO','Jose Luis','Juan Mazo, 15','','Malaga',29,0,'(  )-4023468'),(99,'BECOR','VALDIVIESO REQUENA','Antonio','Bravo Murillo, 56','','Madrid',28,0,'(  )-7029478'),(100,'SIRO','ESTEVEZ VALDIVIESO','Julian','Sancho Pacheco, 79','','Sevilla',41,0,'(  )-2030692');
/*!40000 ALTER TABLE "PROVEEDORES" ENABLE KEYS */;
UNLOCK TABLES;

--
-- Table structure for table "PROVINCIAS"
--

DROP TABLE IF EXISTS "PROVINCIAS";
CREATE TABLE "PROVINCIAS" (
  "PROVINCIA" int(2) NOT NULL,
  "DESCRIPCION" varchar(20) default NULL,
  "PREFIJO" int(3) default NULL,
  PRIMARY KEY  ("PROVINCIA"),
  KEY "PROVINCIA" ("PROVINCIA")
);

--
-- Dumping data for table "PROVINCIAS"
--

LOCK TABLES "PROVINCIAS" WRITE;
/*!40000 ALTER TABLE "PROVINCIAS" DISABLE KEYS */;
INSERT INTO "PROVINCIAS" VALUES (1,'ALAVA',945),(2,'ALBACETE',967),(3,'ALICANTE',965),(4,'ALMERIA',951),(5,'AVILA',918),(6,'BADAJOZ',924),(7,'BALEARES',971),(8,'BARCELONA',93),(9,'BURGOS',947),(10,'CACERES',927),(11,'CADIZ',956),(12,'CASTELLON',964),(13,'CIUDAD REAL',926),(14,'CORDOBA',957),(15,'LA CORUA',981),(16,'CUENCA',966),(17,'GERONA',972),(18,'GRANADA',958),(19,'GUADALAJARA',911),(20,'GUIPUZCOA',943),(21,'HUELVA',955),(22,'HUESCA',974),(23,'JAEN',953),(24,'LEON',987),(25,'LERIDA',973),(26,'LA RIOJA',941),(27,'LUGO',982),(28,'MADRID',91),(29,'MALAGA',952),(30,'MURCIA',968),(31,'NAVARRA',948),(32,'ORENSE',988),(33,'ASTURIAS',985),(34,'PALENCIA',988),(35,'LAS PALMAS',928),(36,'PONTEVEDRA',986),(37,'SALAMANCA',923),(38,'TENERIFE',922),(39,'CANTABRIA',942),(40,'SEGOVIA',911),(41,'SEVILLA',954),(42,'SORIA',975),(43,'TARRAGONA',977),(44,'TERUEL',974),(45,'TOLEDO',925),(46,'VALENCIA',96),(47,'VALLADOLID',983),(48,'VIZCAYA',94),(49,'ZAMORA',988),(50,'ZARAGOZA',976);
/*!40000 ALTER TABLE "PROVINCIAS" ENABLE KEYS */;
UNLOCK TABLES;

--
-- Table structure for table "UNIDADES"
--

DROP TABLE IF EXISTS "UNIDADES";
CREATE TABLE "UNIDADES" (
  "UNIDAD" varchar(2) NOT NULL,
  "DESCRIPCION" varchar(10) default NULL,
  PRIMARY KEY  ("UNIDAD")
);

--
-- Dumping data for table "UNIDADES"
--

LOCK TABLES "UNIDADES" WRITE;
/*!40000 ALTER TABLE "UNIDADES" DISABLE KEYS */;
INSERT INTO "UNIDADES" VALUES ('cc','cm cubicos'),('Cj','Cajas'),('Kg','Kilogramos'),('l','litros'),('m','metros'),('Un','Unidades');
/*!40000 ALTER TABLE "UNIDADES" ENABLE KEYS */;
UNLOCK TABLES;
/*!40103 SET TIME_ZONE=@OLD_TIME_ZONE */;

/*!40101 SET SQL_MODE=@OLD_SQL_MODE */;
/*!40014 SET FOREIGN_KEY_CHECKS=@OLD_FOREIGN_KEY_CHECKS */;
/*!40014 SET UNIQUE_CHECKS=@OLD_UNIQUE_CHECKS */;
/*!40111 SET SQL_NOTES=@OLD_SQL_NOTES */;

-- Dump completed on 2007-12-19 10:00:51
